Product,Review
Wireless Bluetooth Headphones,Excellent sound quality and very comfortable for long use. Battery lasts all day.
Smartphone Fast Charger,"Charging speed is decent, but the cable feels average in quality."
Stainless Steel Water Bottle,Leaks after a few uses and does not keep water cold for long.
Gaming Mechanical Keyboard,Keys are responsive and the RGB lighting looks amazing.
Portable Laptop Stand,"The stand works fine, though adjusting the height takes some effort."
Robot Vacuum Cleaner,Gets stuck frequently and misses dust in corners.
Fitness Smartwatch,Tracks workouts accurately and the display is bright and smooth.
LED Desk Lamp,"Brightness options are okay, but the touch controls can be unresponsive sometimes."
Electric Coffee Grinder,Very noisy and the grinding consistency is poor.
4K Action Camera,Video quality is sharp and stabilization works surprisingly well.
Mini Air Humidifier,"It works as expected, but the water tank is quite small."
USB-C Hub Adapter,Overheats quickly and disconnects devices randomly.
Ergonomic Office Chair,Comfortable back support and easy to assemble.
Portable Power Bank,"Battery capacity is acceptable, but charging the power bank itself is slow."
Wireless Computer Mouse,Cursor lags often and the scroll wheel stopped working within a week.
